Post_ID,Date,Day,Page,Time,Pillar_Code,Pillar_Name,Topic,Status,Assigned_To,Hook_Type,Archetype,Target_Persona,Notes
POST-001,2025-11-05,Wednesday,Personal,08:30 AM,P1,Tactical Education,5-step LinkedIn engagement framework,Planned,Agent 2,TBD,TBD,TBD,
POST-002,2025-11-05,Wednesday,Company,08:30 AM,P2,Industry Insights,B2B sales cycle trends analysis,Planned,Agent 2,TBD,TBD,TBD,
POST-003,2025-11-06,Thursday,Personal,09:00 AM,P3,Thought Leadership,Unpopular opinion: Daily posting overrated,Planned,Agent 2,TBD,TBD,TBD,
POST-004,2025-11-07,Friday,Company,09:00 AM,P4,Personal Stories,How I lost biggest client (lessons),Planned,Agent 2,TBD,TBD,TBD,
POST-005,2025-11-10,Monday,Personal,09:00 AM,P5,Customer Success,Client 3x'd revenue case study,Planned,Agent 2,TBD,TBD,TBD,
POST-006,2025-11-11,Tuesday,Personal,08:30 AM,P6,Community Building,What's your biggest challenge poll,Planned,Agent 2,TBD,TBD,TBD,
POST-007,2025-11-11,Tuesday,Company,08:30 AM,P7,Behind-the-Scenes,Team meeting insights,Planned,Agent 2,TBD,TBD,TBD,
POST-008,2025-11-12,Wednesday,Personal,08:30 AM,P1,Tactical Education,Email outreach template breakdown,Planned,Agent 2,TBD,TBD,TBD,
POST-009,2025-11-12,Wednesday,Company,08:30 AM,P2,Industry Insights,LinkedIn algorithm changes breakdown,Planned,Agent 2,TBD,TBD,TBD,
POST-010,2025-11-13,Thursday,Personal,09:00 AM,P3,Thought Leadership,Personal brand vs company brand debate,Planned,Agent 2,TBD,TBD,TBD,
POST-011,2025-11-14,Friday,Company,09:00 AM,P4,Personal Stories,From unemployed to business owner,Planned,Agent 2,TBD,TBD,TBD,
POST-012,2025-11-17,Monday,Personal,09:00 AM,P5,Customer Success,Customer churn reduction story,Planned,Agent 2,TBD,TBD,TBD,
POST-013,2025-11-18,Tuesday,Personal,08:30 AM,P6,Community Building,Tool recommendations thread,Planned,Agent 2,TBD,TBD,TBD,
POST-014,2025-11-18,Tuesday,Company,08:30 AM,P7,Behind-the-Scenes,Product development update,Planned,Agent 2,TBD,TBD,TBD,
POST-015,2025-11-19,Wednesday,Personal,08:30 AM,P1,Tactical Education,Cold calling script that converts,Planned,Agent 2,TBD,TBD,TBD,
POST-016,2025-11-19,Wednesday,Company,08:30 AM,P2,Industry Insights,Industry benchmark report,Planned,Agent 2,TBD,TBD,TBD,
POST-017,2025-11-20,Thursday,Personal,09:00 AM,P3,Thought Leadership,Cold email is dying thesis,Planned,Agent 2,TBD,TBD,TBD,
POST-018,2025-11-21,Friday,Company,09:00 AM,P4,Personal Stories,Burnout recovery story,Planned,Agent 2,TBD,TBD,TBD,
POST-019,2025-11-24,Monday,Personal,09:00 AM,P5,Customer Success,Pipeline growth transformation,Planned,Agent 2,TBD,TBD,TBD,
POST-020,2025-11-25,Tuesday,Personal,08:30 AM,P6,Community Building,Shoutout to creators,Planned,Agent 2,TBD,TBD,TBD,
POST-021,2025-11-25,Tuesday,Company,08:30 AM,P7,Behind-the-Scenes,Company culture moment,Planned,Agent 2,TBD,TBD,TBD,
POST-022,2025-11-26,Wednesday,Personal,08:30 AM,P1,Tactical Education,How to qualify leads in 3 questions,Planned,Agent 2,TBD,TBD,TBD,
POST-023,2025-11-26,Wednesday,Company,08:30 AM,P2,Industry Insights,AI impact on B2B sales,Planned,Agent 2,TBD,TBD,TBD,
POST-024,2025-11-27,Thursday,Personal,09:00 AM,P3,Thought Leadership,Hustle culture critique,Planned,Agent 2,TBD,TBD,TBD,
POST-025,2025-11-28,Friday,Company,09:00 AM,P4,Personal Stories,Hiring mistake confession,Planned,Agent 2,TBD,TBD,TBD,
POST-026,2025-12-01,Monday,Personal,09:00 AM,P5,Customer Success,Testimonial breakdown,Planned,Agent 2,TBD,TBD,TBD,
POST-027,2025-12-02,Tuesday,Personal,08:30 AM,P6,Community Building,Community resource list,Planned,Agent 2,TBD,TBD,TBD,
POST-028,2025-12-02,Tuesday,Company,08:30 AM,P7,Behind-the-Scenes,Behind-the-scenes process,Planned,Agent 2,TBD,TBD,TBD,
POST-029,2025-12-03,Wednesday,Personal,08:30 AM,P1,Tactical Education,Content creation workflow,Planned,Agent 2,TBD,TBD,TBD,
POST-030,2025-12-03,Wednesday,Company,08:30 AM,P2,Industry Insights,Remote work productivity data,Planned,Agent 2,TBD,TBD,TBD,
POST-031,2025-12-04,Thursday,Personal,09:00 AM,P3,Thought Leadership,Traditional sales is back,Planned,Agent 2,TBD,TBD,TBD,
POST-032,2025-12-05,Friday,Company,09:00 AM,P4,Personal Stories,Product launch failure,Planned,Agent 2,TBD,TBD,TBD,
POST-033,2025-12-08,Monday,Personal,09:00 AM,P5,Customer Success,Before/after results,Planned,Agent 2,TBD,TBD,TBD,
POST-034,2025-12-09,Tuesday,Personal,08:30 AM,P6,Community Building,Q&A session,Planned,Agent 2,TBD,TBD,TBD,
POST-035,2025-12-09,Tuesday,Company,08:30 AM,P7,Behind-the-Scenes,Real-time experiment,Planned,Agent 2,TBD,TBD,TBD,
POST-036,2025-12-10,Wednesday,Personal,08:30 AM,P1,Tactical Education,Sales Navigator hidden features,Planned,Agent 2,TBD,TBD,TBD,
POST-037,2025-12-10,Wednesday,Company,08:30 AM,P2,Industry Insights,Customer acquisition cost trends,Planned,Agent 2,TBD,TBD,TBD,
POST-038,2025-12-11,Thursday,Personal,09:00 AM,P3,Thought Leadership,Content marketing myths,Planned,Agent 2,TBD,TBD,TBD,
POST-039,2025-12-12,Friday,Company,09:00 AM,P4,Personal Stories,Quitting corporate journey,Planned,Agent 2,TBD,TBD,TBD,
POST-040,2025-12-15,Monday,Personal,09:00 AM,P5,Customer Success,Client 3x'd revenue case study,Planned,Agent 2,TBD,TBD,TBD,
POST-041,2025-12-16,Tuesday,Personal,08:30 AM,P6,Community Building,What's your biggest challenge poll,Planned,Agent 2,TBD,TBD,TBD,
POST-042,2025-12-16,Tuesday,Company,08:30 AM,P7,Behind-the-Scenes,Team meeting insights,Planned,Agent 2,TBD,TBD,TBD,
POST-043,2025-12-17,Wednesday,Personal,08:30 AM,P1,Tactical Education,Pipeline management system,Planned,Agent 2,TBD,TBD,TBD,
POST-044,2025-12-17,Wednesday,Company,08:30 AM,P2,Industry Insights,Market consolidation insights,Planned,Agent 2,TBD,TBD,TBD,
POST-045,2025-12-18,Thursday,Personal,09:00 AM,P3,Thought Leadership,Unpopular opinion: Daily posting overrated,Planned,Agent 2,TBD,TBD,TBD,
POST-046,2025-12-19,Friday,Company,09:00 AM,P4,Personal Stories,How I lost biggest client (lessons),Planned,Agent 2,TBD,TBD,TBD,
POST-047,2025-12-22,Monday,Personal,09:00 AM,P5,Customer Success,Customer churn reduction story,Planned,Agent 2,TBD,TBD,TBD,
POST-048,2025-12-23,Tuesday,Personal,08:30 AM,P6,Community Building,Tool recommendations thread,Planned,Agent 2,TBD,TBD,TBD,
POST-049,2025-12-23,Tuesday,Company,08:30 AM,P7,Behind-the-Scenes,Product development update,Planned,Agent 2,TBD,TBD,TBD,
POST-050,2025-12-24,Wednesday,Personal,08:30 AM,P1,Tactical Education,Objection handling playbook,Planned,Agent 2,TBD,TBD,TBD,
POST-051,2025-12-24,Wednesday,Company,08:30 AM,P2,Industry Insights,Emerging tech predictions,Planned,Agent 2,TBD,TBD,TBD,
POST-052,2025-12-25,Thursday,Personal,09:00 AM,P3,Thought Leadership,Personal brand vs company brand debate,Planned,Agent 2,TBD,TBD,TBD,
POST-053,2025-12-26,Friday,Company,09:00 AM,P4,Personal Stories,From unemployed to business owner,Planned,Agent 2,TBD,TBD,TBD,
POST-054,2025-12-29,Monday,Personal,09:00 AM,P5,Customer Success,Pipeline growth transformation,Planned,Agent 2,TBD,TBD,TBD,
POST-055,2025-12-30,Tuesday,Personal,08:30 AM,P6,Community Building,Shoutout to creators,Planned,Agent 2,TBD,TBD,TBD,
POST-056,2025-12-30,Tuesday,Company,08:30 AM,P7,Behind-the-Scenes,Company culture moment,Planned,Agent 2,TBD,TBD,TBD,
POST-057,2025-12-31,Wednesday,Personal,08:30 AM,P1,Tactical Education,Pricing strategy framework,Planned,Agent 2,TBD,TBD,TBD,
POST-058,2025-12-31,Wednesday,Company,08:30 AM,P2,Industry Insights,B2B sales cycle trends analysis,Planned,Agent 2,TBD,TBD,TBD,
POST-059,2026-01-01,Thursday,Personal,09:00 AM,P3,Thought Leadership,Cold email is dying thesis,Planned,Agent 2,TBD,TBD,TBD,
POST-060,2026-01-02,Friday,Company,09:00 AM,P4,Personal Stories,Burnout recovery story,Planned,Agent 2,TBD,TBD,TBD,
POST-061,2026-01-05,Monday,Personal,09:00 AM,P5,Customer Success,Testimonial breakdown,Planned,Agent 2,TBD,TBD,TBD,
POST-062,2026-01-06,Tuesday,Personal,08:30 AM,P6,Community Building,Community resource list,Planned,Agent 2,TBD,TBD,TBD,
POST-063,2026-01-06,Tuesday,Company,08:30 AM,P7,Behind-the-Scenes,Behind-the-scenes process,Planned,Agent 2,TBD,TBD,TBD,
POST-064,2026-01-07,Wednesday,Personal,08:30 AM,P1,Tactical Education,Customer onboarding checklist,Planned,Agent 2,TBD,TBD,TBD,
POST-065,2026-01-07,Wednesday,Company,08:30 AM,P2,Industry Insights,LinkedIn algorithm changes breakdown,Planned,Agent 2,TBD,TBD,TBD,
POST-066,2026-01-08,Thursday,Personal,09:00 AM,P3,Thought Leadership,Hustle culture critique,Planned,Agent 2,TBD,TBD,TBD,
POST-067,2026-01-09,Friday,Company,09:00 AM,P4,Personal Stories,Hiring mistake confession,Planned,Agent 2,TBD,TBD,TBD,
POST-068,2026-01-12,Monday,Personal,09:00 AM,P5,Customer Success,Before/after results,Planned,Agent 2,TBD,TBD,TBD,
POST-069,2026-01-13,Tuesday,Personal,08:30 AM,P6,Community Building,Q&A session,Planned,Agent 2,TBD,TBD,TBD,
POST-070,2026-01-13,Tuesday,Company,08:30 AM,P7,Behind-the-Scenes,Real-time experiment,Planned,Agent 2,TBD,TBD,TBD,
POST-071,2026-01-14,Wednesday,Personal,08:30 AM,P1,Tactical Education,5-step LinkedIn engagement framework,Planned,Agent 2,TBD,TBD,TBD,
POST-072,2026-01-14,Wednesday,Company,08:30 AM,P2,Industry Insights,Industry benchmark report,Planned,Agent 2,TBD,TBD,TBD,
POST-073,2026-01-15,Thursday,Personal,09:00 AM,P3,Thought Leadership,Traditional sales is back,Planned,Agent 2,TBD,TBD,TBD,
POST-074,2026-01-16,Friday,Company,09:00 AM,P4,Personal Stories,Product launch failure,Planned,Agent 2,TBD,TBD,TBD,
POST-075,2026-01-19,Monday,Personal,09:00 AM,P5,Customer Success,Client 3x'd revenue case study,Planned,Agent 2,TBD,TBD,TBD,
POST-076,2026-01-20,Tuesday,Personal,08:30 AM,P6,Community Building,What's your biggest challenge poll,Planned,Agent 2,TBD,TBD,TBD,
POST-077,2026-01-20,Tuesday,Company,08:30 AM,P7,Behind-the-Scenes,Team meeting insights,Planned,Agent 2,TBD,TBD,TBD,
POST-078,2026-01-21,Wednesday,Personal,08:30 AM,P1,Tactical Education,Email outreach template breakdown,Planned,Agent 2,TBD,TBD,TBD,
POST-079,2026-01-21,Wednesday,Company,08:30 AM,P2,Industry Insights,AI impact on B2B sales,Planned,Agent 2,TBD,TBD,TBD,
POST-080,2026-01-22,Thursday,Personal,09:00 AM,P3,Thought Leadership,Content marketing myths,Planned,Agent 2,TBD,TBD,TBD,
POST-081,2026-01-23,Friday,Company,09:00 AM,P4,Personal Stories,Quitting corporate journey,Planned,Agent 2,TBD,TBD,TBD,
POST-082,2026-01-26,Monday,Personal,09:00 AM,P5,Customer Success,Customer churn reduction story,Planned,Agent 2,TBD,TBD,TBD,
POST-083,2026-01-27,Tuesday,Personal,08:30 AM,P6,Community Building,Tool recommendations thread,Planned,Agent 2,TBD,TBD,TBD,
POST-084,2026-01-27,Tuesday,Company,08:30 AM,P7,Behind-the-Scenes,Product development update,Planned,Agent 2,TBD,TBD,TBD,
POST-085,2026-01-28,Wednesday,Personal,08:30 AM,P1,Tactical Education,Cold calling script that converts,Planned,Agent 2,TBD,TBD,TBD,
POST-086,2026-01-28,Wednesday,Company,08:30 AM,P2,Industry Insights,Remote work productivity data,Planned,Agent 2,TBD,TBD,TBD,
POST-087,2026-01-29,Thursday,Personal,09:00 AM,P3,Thought Leadership,Unpopular opinion: Daily posting overrated,Planned,Agent 2,TBD,TBD,TBD,
POST-088,2026-01-30,Friday,Company,09:00 AM,P4,Personal Stories,How I lost biggest client (lessons),Planned,Agent 2,TBD,TBD,TBD,
POST-089,2026-02-02,Monday,Personal,09:00 AM,P5,Customer Success,Pipeline growth transformation,Planned,Agent 2,TBD,TBD,TBD,
